{"cameraMode":{"drawMode":0,"name":"Shaded","section":"Shading Mode"},"sceneLighting":false,"audioPlay":false,"sceneViewState":{"m_AlwaysRefresh":false,"showFog":true,"showSkybox":false,"showFlares":true,"showImageEffects":true,"showParticleSystems":true,"showVisualEffectGraphs":true,"m_FxEnabled":true},"in2DMode":false,"pivot":{"x":85.01961517333985,"y":-0.012376844882965088,"z":6.215780258178711},"rotation":{"x":-0.00964123010635376,"y":0.985101580619812,"z":-0.16131044924259187,"w":-0.05887870490550995},"size":2.0698351860046388,"orthographic":false}